"taxa","PC1","PC2","PC3","PC4","PC5","v1","v2","v3","v4"
"V1",-309.863861045003,173.984088452231,-156.472892321918,32.2028932478585,-28.6147707876274,1,0,0,0
"V4",-355.202699963509,196.918060092412,-252.161674245675,75.8798725139,-176.00055903354,1,0,0,0
"V5",-316.782475531264,172.421347826412,-192.332235551922,25.8516683686902,-26.0652510225491,1,0,0,0
"V6",-285.294853361572,219.0558140853,-193.296818369372,77.2294002084782,-92.3664942861829,1,0,0,0
"V7",-146.832461456885,344.288289741433,138.825255525172,15.0225859473063,149.184128091008,1,0,0,0
"V8",-310.209310430677,173.81675010735,-156.389822701595,32.1955827850833,-28.6705357517346,1,0,0,0
"V9",-357.408227427339,170.197171473431,-174.207432056361,64.8896259758166,-23.139701790502,1,0,0,0
"V10",-328.190432104813,176.95322012433,-66.4703872008121,49.7465667963181,57.0424278911695,1,0,0,0
"V11",-333.732339533809,205.172368276368,-274.500130328549,59.3351851153062,-231.21753660938,1,0,0,0
"V12",-222.072048276511,215.697942500568,-7.92564164877102,-49.1118977349828,3.18967211398442,1,0,0,0
"V13",-336.887712389794,215.005803798532,-196.610068491023,70.1815698322288,-170.968107382106,1,0,0,0
"V14",-223.643061444486,258.793636314057,76.8500917455535,51.2455079425388,76.7436419676762,1,0,0,0
"V15",-348.902901264706,163.873238964336,-173.188648017482,63.2720318522899,-16.7465508848719,1,0,0,0
"V16",-309.33978417654,182.198226995093,-33.3099241320809,82.7337976619916,107.611759005081,1,0,0,0
"V17",-337.810691388925,235.778589533683,-262.547121330934,72.7069211459338,-224.595117669882,1,0,0,0
"V18",-229.942548858627,236.636952035146,93.2745019701676,6.57928419317704,190.48002572001,1,0,0,0
"V19",-337.948449295688,200.333793708184,-104.843883800517,13.6070330039555,10.4873120604523,1,0,0,0
"V20",-273.540303958743,260.622233982562,56.89555325182,58.751074399991,248.225290003042,1,0,0,0
"V21",-222.096538750258,290.212233726243,88.2421228780498,-0.496212506711485,227.187830672022,1,0,0,0
"V22",-260.790864325237,292.381894657009,47.517121795134,2.11426244149275,207.896456914787,1,0,0,0
"V23",-223.831396177246,291.166658844671,79.0925829249198,21.3481555778824,191.496904530632,1,0,0,0
"V24",-222.798935757472,320.387294050188,63.5534873048925,18.7079710328864,259.170885815369,1,0,0,0
"V25",-227.97550833582,242.882130060826,86.6033819254645,11.3743380891535,191.182650747615,1,0,0,0
"V26",-196.513246918218,309.223948887625,91.1062137801555,30.1341516029397,230.452175203099,1,0,0,0
"V27",-148.468635463717,304.265982107407,283.162539842297,-22.6440995341566,-49.7877001834148,1,0,0,0
"V28",-243.308426479182,244.634407659116,40.3854337603765,49.3237176529567,179.938274513522,1,0,0,0
"V29",-195.657020288133,311.01700606529,41.0239589257066,22.4740345924161,156.463761840599,1,0,0,0
"V30",-207.773928938478,305.258960006846,110.349798396048,85.5775438033644,124.092029076354,1,0,0,0
"V31",-251.976159581192,190.111112819633,53.1656378620147,72.6242218389614,154.331048438868,1,0,0,0
"V32",-271.445161903684,291.817932054562,-142.473696329382,46.077550329783,-55.3802130934831,1,0,0,0
"V33",-237.465686266959,257.826703466542,46.1853898887269,-12.8091432712263,57.0231148108493,1,0,0,0
"V34",-194.867781228309,318.909117474726,74.172008468227,12.6399536564005,76.7470694557448,1,0,0,0
"V35",-76.5844825265059,302.80112046976,-64.3610771658883,-10.6648784482272,10.8978491196387,1,0,0,0
"V36",-340.81727297786,220.306405912269,-267.521388783026,69.0773577192402,-179.610315593635,1,0,0,0
"V37",-326.998648140184,201.390588901804,-261.781704338434,65.29791981603,-207.0917527789,1,0,0,0
"V38",-314.653678863623,171.412218865613,-180.421560322476,53.8901700193305,-129.493470467841,1,0,0,0
"V39",-272.163822448028,324.731211619372,41.4689048407578,38.664769571862,107.012603224736,1,0,0,0
"V40",-197.911418231823,283.234369835519,30.7236199134975,42.1009187168804,-7.10143021986043,1,0,0,0
"V41",-233.817881398829,328.396392784023,91.9431116455151,41.715456144698,48.2711094834824,1,0,0,0
"V42",-155.750224990057,256.298024526165,233.386383709826,-2.05143145118388,4.48293529436331,1,0,0,0
"V43",-333.407436709643,205.362478700065,-274.217624175868,59.2357869450947,-231.008931317237,1,0,0,0
"V44",-262.315647775279,242.806498420845,38.9025273911695,44.7153670742302,4.29726148335158,1,0,0,0
"V45",-366.601799192485,203.898026818886,-215.565158361313,56.8567373421836,-76.5395010835461,1,0,0,0
"V46",-327.910661851539,197.913742205146,-200.156209599112,41.9852089965003,-85.7483222382333,1,0,0,0
"V47",-318.748415597433,174.425812561836,-246.330500072335,50.3422541559427,-106.80325977437,1,0,0,0
"V48",-313.153410126101,219.020532746141,-122.807382918833,41.4769051452023,-19.3821036182857,1,0,0,0
"V49",-308.997094589393,182.473221596118,-33.3439679880339,82.5876552244349,107.377361092456,1,0,0,0
"V50",-304.631899185315,184.514745580566,-70.2300707325356,59.2644477218132,-101.182862190433,1,0,0,0
"V51",-311.695540639041,230.264058981742,-179.859481147866,55.0811141282166,-131.964314766354,1,0,0,0
"V52",-254.889018048384,253.645609449478,88.3998545830413,54.992213201809,91.9909010406347,1,0,0,0
"V53",-270.996235699624,265.940163888684,-11.9784277912797,32.091380701751,29.8889570236493,1,0,0,0
"V54",-160.013490572839,308.796249065646,-75.5906088622453,-4.40774917254382,-75.959174432769,1,0,0,0
"V55",-142.633144101846,287.536573505427,275.888051582599,-29.5401212404744,-64.0924781971316,1,0,0,0
"V56",-248.294263274789,220.181790850561,-71.7558505411783,25.9403627215502,-43.1221390645837,1,0,0,0
"V57",-205.455659347842,261.667511172776,88.5988097161483,4.18306766162069,178.521786385456,1,0,0,0
"V58",-358.803130549813,153.000131222408,-249.720579912187,53.2213180165419,-123.206877151846,1,0,0,0
"V59",-299.299205786793,213.470259686117,-154.173974062539,52.1302341934526,-125.826090369692,1,0,0,0
"V60",-230.763069271454,290.019596244489,54.649832623391,25.6594833884932,175.530152556181,1,0,0,0
"V61",-164.021737428144,248.532989869922,233.341120084299,59.863239663464,138.667074537045,1,0,0,0
"V62",-236.267271700359,232.871155604869,-118.039648288561,37.5911062821709,-59.5454876058475,1,0,0,0
"V63",-311.576773892482,251.155059922566,-151.001409291753,64.2125148477091,-79.9896779356005,1,0,0,0
"V64",-254.276782905736,286.177462344016,-86.0654254746584,49.1280791225776,-64.0387748913204,1,0,0,0
"V65",-249.193554244858,237.163193789967,-162.063160603331,42.4490438633075,-116.324998797411,1,0,0,0
"V66",-249.28790872349,237.249054642695,-161.908788837688,42.4627604926408,-116.340948372016,1,0,0,0
"V67",-263.543310329539,336.824944977515,-44.4196473931605,48.5168799354309,-20.4948440486547,1,0,0,0
"V68",-211.39566349383,328.451980022668,-90.4316430283607,55.5572417310828,-20.1147989070468,1,0,0,0
"V69",-229.202647471992,235.22660463502,11.4960482327539,49.9739590398872,0.129237209929244,1,0,0,0
"V70",-243.773656656588,249.46441023374,122.730920496912,51.3479534816643,86.4892892474633,1,0,0,0
"V71",-229.2271836412,235.368060798543,11.4465295291533,50.0192185909784,0.350537061571867,1,0,0,0
"V72",-383.472160463917,206.657038361659,-194.472459108171,32.9872830738488,-68.3737258460052,1,0,0,0
"V73",-222.546546257309,283.297797851519,-0.0135089938033151,43.4463418416171,-23.6231215354688,1,0,0,0
"V74",-276.072946821201,210.398008578192,-98.5262228702041,51.6741208333503,-67.8712158855157,1,0,0,0
"V75",-337.338904433836,236.340572114523,-263.208932040815,70.7320549933035,-225.28781074487,1,0,0,0
"V76",-310.796070594826,239.546075802,-186.385840385965,84.3341667379211,-125.691287723103,1,0,0,0
"V77",-291.479882758022,196.107178373181,-250.521106807197,76.0722905574563,-203.753092251771,1,0,0,0
"V78",-152.902190086418,303.264948468395,233.431884482298,-41.8064625594677,-52.2729491672037,1,0,0,0
"V79",-207.792662041605,305.207493087204,110.340390335161,85.5228696341826,124.083749878228,1,0,0,0
"V80",110.216307459693,362.954126260881,-104.621484040708,2.84508688994343,34.1995519146334,1,0,0,0
"V81",107.499267432922,361.099496049688,-106.475925482438,1.41949907628624,32.6126620236116,1,0,0,0
"V82",-186.649241065787,269.052633844882,83.6498972572969,69.2237655530451,112.17901491577,1,0,0,0
"V83",-257.376832512151,256.072524373654,-30.9568991447036,41.8959041806602,70.744488074297,1,0,0,0
"V84",46.0290431457203,329.859245503608,-112.892761089024,4.18513874821436,51.0537353460918,1,0,0,0
"V85",-264.553850373159,250.630816766889,-76.746546982985,62.6644217769606,-75.3349716259894,1,0,0,0
"V86",-302.775622711096,216.006999683349,-262.603526286721,56.8940578111516,-180.295537084143,1,0,0,0
"V87",-193.971885035314,298.286694712342,123.411519908771,8.75724933861726,98.073005953121,1,0,0,0
"V88",-270.151492040262,243.063482309689,-173.784597236604,59.5859200265899,-125.781463372196,1,0,0,0
"V89",-233.669159092389,329.674322527094,100.531258793261,41.3928656680919,158.109141517986,1,0,0,0
"V90",-180.979691190185,272.35788236808,-20.7494759804847,3.76409213005631,-40.747680353206,1,0,0,0
"V91",-235.778707245932,328.649762308624,39.6240618358411,23.0760103182658,101.346934549437,1,0,0,0
"V92",-219.354601999626,316.442628495403,106.099711481175,88.0842899115269,111.713797898388,1,0,0,0
"V93",-227.466843626555,270.859577008217,73.1016361172532,39.6419134921427,193.849802124347,1,0,0,0
"V94",-154.801535998844,309.544044485417,438.971681195122,-135.017031844157,-240.417642414257,1,0,0,0
"V95",-161.311608651539,292.03462215493,379.519336676384,-111.608862307176,-184.169384700099,1,0,0,0
"V96",-155.354009860673,314.651906834054,437.912972365532,-134.475679968611,-242.257415845741,1,0,0,0
"V97",-144.917282922217,326.236550795024,407.541761747082,-128.612378562837,-187.850392060994,1,0,0,0
"V98",-164.890326951868,328.661847507479,402.411192600413,-106.893761931475,-180.885290046684,1,0,0,0
"V99",-13.9057948882052,313.795772088971,222.432177829715,54.5996691795108,-78.1928675607266,1,0,0,0
"V100",-150.860302107984,317.91379169824,417.151405618756,-134.746465780411,-236.634642212287,1,0,0,0
"V101",-154.803253283811,309.589727491263,438.913880648654,-135.030810472508,-240.440491298029,1,0,0,0
"V102",-142.807429057864,334.177599313564,345.964294468651,-98.6779736218545,-169.009589924447,1,0,0,0
"V103",-134.348738996093,342.637905706127,360.544196628456,-127.722686360049,-199.041230825782,1,0,0,0
"V104",-136.527777148078,323.511700655794,391.857390887528,-134.020452746333,-191.344149765576,1,0,0,0
"V105",-59.2912688245048,349.609231417294,157.770630867008,-88.4875259565783,-31.4930588545817,1,0,0,0
"V106",-149.01541461722,328.533779655072,392.63597914891,-122.990839611347,-212.261604837982,1,0,0,0
"V107",-153.49608560422,310.935719670039,429.147652888558,-137.748657322529,-225.938549694864,1,0,0,0
"V108",-159.064285374294,308.756278561215,416.704958855555,-114.444587293646,-188.317301247637,1,0,0,0
"V109",-196.105393627943,304.230815079028,319.078543567415,-64.6897697193917,-104.019389763132,1,0,0,0
"V110",-143.892020309092,279.209398007449,238.658181255651,75.0362811488294,185.854228249001,1,0,0,0
"V111",-142.988487431867,253.499182350263,172.130890055325,72.6424951903635,88.5480396855273,1,0,0,0
"V112",-144.453642164422,322.358424095596,397.47076002634,-86.9260774246677,-182.933109609434,1,0,0,0
"V113",-158.143543242728,327.115171057018,126.560455130449,-13.8280347603145,96.859828656157,1,0,0,0
"V114",-180.202913983044,255.839385052319,216.786512077048,36.8488047891156,25.1496545238138,1,0,0,0
"V115",-217.5304008104,322.572906640133,115.967336812468,92.2391603793029,129.791551359402,1,0,0,0
"V116",-348.280163702216,-546.436790715748,-115.112013015702,-45.2546454700198,4.12035567015012,0,1,0,0
"V119",-393.619002620585,-523.502819075629,-210.800794939619,-1.5776662040503,-143.26543257583,0,1,0,0
"V120",-355.198778188447,-547.999531341497,-150.971356245567,-51.6058703491979,6.66987543518533,0,1,0,0
"V121",-323.711156018617,-501.36506508259,-151.935939063174,-0.228138509494004,-59.6313678284758,0,1,0,0
"V122",-185.248764114083,-376.132589426793,180.186134831226,-62.4349527706192,181.919254548928,0,1,0,0
"V123",-348.625613087892,-546.604129060631,-115.028943395378,-45.2619559327949,4.0645907060411,0,1,0,0
"V124",-395.824530084342,-550.223707694758,-132.846552750096,-12.5679127421204,9.59542466724687,0,1,0,0
"V125",-366.60673476194,-543.467659043645,-25.1095078947904,-27.7109719215959,89.7775543489711,0,1,0,0
"V126",-372.148642190958,-515.248510891814,-233.139251022486,-18.1223536026551,-198.48241015135,0,1,0,0
"V127",-260.488350933752,-504.722936667737,33.4352376572487,-126.569436452922,35.9247985717888,0,1,0,0
"V128",-375.304015047016,-505.415075369583,-155.249189184842,-7.27596888569819,-138.232980924399,0,1,0,0
"V129",-262.059364101769,-461.627242854025,118.210971051804,-26.2120307754187,109.478768425567,0,1,0,0
"V130",-387.31920392171,-556.547640203867,-131.8277687112,-14.1855068656525,15.9885755728654,0,1,0,0
"V131",-347.756086833751,-538.222652172963,8.0509551740154,5.27625894413565,140.346885462592,0,1,0,0
"V132",-376.226994046092,-484.6422896345,-221.186242024822,-4.75061757201501,-191.859991211843,0,1,0,0
"V133",-268.358851515727,-483.783927133153,134.635381276138,-70.8782545247859,223.215152177592,0,1,0,0
"V134",-376.364751952834,-520.087085459825,-63.4830044945687,-63.8505057139598,43.2224385182779,0,1,0,0
"V135",-311.956606615926,-459.798645185473,98.2564325579246,-18.7064643179559,280.960416460817,0,1,0,0
"V136",-260.512841407403,-430.208645441907,129.603002184356,-77.9537512245755,259.922957129752,0,1,0,0
"V137",-299.207166982465,-428.038984511046,88.8780011012117,-75.3432762763646,240.631583372473,0,1,0,0
"V138",-262.24769883436,-429.25422032343,120.453462231103,-56.1093831400111,224.232030988405,0,1,0,0
"V139",-261.215238414677,-400.033585117908,104.914366611161,-58.7495676850148,291.906012273241,0,1,0,0
"V140",-266.391810992927,-477.538749107431,127.96426123142,-66.0832006288084,223.917777205197,0,1,0,0
"V141",-234.929549575355,-411.196930280472,132.467093086412,-47.3233871149369,263.187301660683,0,1,0,0
"V142",-186.884938120799,-416.154897061134,324.523419148364,-100.101638252119,-17.0525737256583,0,1,0,0
"V143",-281.72472913631,-475.786471508986,81.746313066557,-28.1338210649794,212.673400971117,0,1,0,0
"V144",-234.073322945266,-409.403873102777,82.3848382317559,-54.9835041254919,189.19888829813,0,1,0,0
"V145",-246.190231595544,-415.161919161508,151.710677702208,8.12000508546701,156.827155534108,0,1,0,0
"V146",-290.392462238434,-530.309766348692,94.5265171680512,-4.83331687900259,187.066174896456,0,1,0,0
"V147",-309.861464560859,-428.602947113457,-101.11281702338,-31.3799883881472,-22.6450866357041,0,1,0,0
"V148",-275.881988924207,-462.594175701806,87.5462691948129,-90.2666819890781,89.7582412686298,0,1,0,0
"V149",-233.284083885493,-401.511761693248,115.532887774287,-64.8175850614879,109.482195913536,0,1,0,0
"V150",-115.000785183563,-417.61975869843,-23.0001978598708,-88.1224171661358,43.632975577337,0,1,0,0
"V151",-379.233575635027,-500.114473255874,-226.160509476954,-8.38018099872521,-146.875189135894,0,1,0,0
"V152",-365.414950797402,-519.030290266329,-220.420825032385,-12.1596189019191,-174.356626320826,0,1,0,0
"V153",-353.069981520788,-549.008660302409,-139.060681016311,-23.5673686985552,-96.7583440102184,0,1,0,0
"V154",-310.580125105237,-395.689667548902,82.8297841468208,-38.792769146034,139.747729682415,0,1,0,0
"V155",-236.3277208889,-437.186509332839,72.0844992195322,-35.356620001013,25.633696237838,0,1,0,0
"V156",-272.234184055897,-392.024486384219,133.303990951622,-35.7420825732569,81.006235941412,0,1,0,0
"V157",-194.166527647256,-464.122854642271,274.74726301562,-79.5089701690098,37.2180617521043,0,1,0,0
"V158",-371.823739366789,-515.05840046812,-232.856744869786,-18.221751772867,-198.273804859209,0,1,0,0
"V159",-300.731950432387,-477.614380747324,80.2634066971317,-32.7421716437061,37.0323879411535,0,1,0,0
"V160",-405.018101849715,-516.522852349153,-174.204279054976,-20.6008013757518,-43.8043746257522,0,1,0,0
"V161",-366.32696450874,-522.507136962932,-158.795330292886,-35.4723297214228,-53.0131957803964,0,1,0,0
"V162",-357.164718254659,-545.995066606552,-204.969620766233,-27.1152845619831,-74.0681333165285,0,1,0,0
"V163",-351.569712783391,-501.400346421789,-81.4465036129149,-35.9806335727338,13.3530228394443,0,1,0,0
"V164",-347.413397246598,-537.947657571936,8.01691131806245,5.13011650657411,140.112487549964,0,1,0,0
"V165",-343.048201842454,-535.906133587697,-28.8691914264611,-18.1930909961351,-68.4477357325961,0,1,0,0
"V166",-350.111843296165,-490.156820186157,-138.498601841678,-22.3764245897096,-99.2291883086031,0,1,0,0
"V167",-293.30532070564,-466.775269718822,129.760733889328,-22.4653255161408,124.726027498417,0,1,0,0
"V168",-309.412538356762,-454.480715279326,29.3824515146693,-45.3661580161367,62.6240834814523,0,1,0,0
"V169",-198.429793229909,-411.624630102591,-34.2297295561558,-81.8652878904622,-43.2240479749701,0,1,0,0
"V170",-181.049446758971,-432.884305662764,317.248930888527,-106.997659958331,-31.357351739371,0,1,0,0
"V171",-286.710565932116,-500.239088317638,-30.3949712352383,-51.5171759963671,-10.3870126068357,0,1,0,0
"V172",-243.871962004973,-458.753367995641,129.95968902228,-73.2744710563036,211.25691284301,0,1,0,0
"V173",-397.219433206863,-567.420747945834,-208.359700606131,-24.2362207013825,-90.4717506941665,0,1,0,0
"V174",-337.715508443727,-506.950619481681,-112.813094756551,-25.327304524485,-93.0909639118755,0,1,0,0
"V175",-269.179371928666,-430.401282923767,96.0107119294422,-51.7980553293996,208.265279013763,0,1,0,0
"V176",-202.43804008536,-471.887889298552,274.701999390336,-17.594299054391,171.40220099466,0,1,0,0
"V177",-274.683574357546,-487.549723563121,-76.6787689824914,-39.8664324357163,-26.8103611480714,0,1,0,0
"V178",-349.993076549692,-469.265819245537,-109.64052998566,-13.2450238702426,-47.2545514777956,0,1,0,0
"V179",-292.693085563077,-434.243416824089,-44.704546168717,-28.3294595953492,-31.3036484335544,0,1,0,0
"V180",-287.609856902006,-483.257685378132,-120.702281297198,-35.0084948545637,-83.5898723396618,0,1,0,0
"V181",-287.704211380634,-483.171824525405,-120.547909531555,-34.9947782252373,-83.6058219142669,0,1,0,0
"V182",-301.9596129869,-383.59593419075,-3.0587680872406,-28.940658782464,12.2402824090791,0,1,0,0
"V183",-249.811966150956,-391.968899145339,-49.0707637222382,-21.9002969868402,12.6203275506959,0,1,0,0
"V184",-267.618950129067,-485.19427453325,52.8569275388005,-27.4835796780223,32.8643636676944,0,1,0,0
"V185",-282.189959313749,-470.95646893476,164.091799803091,-26.1095852363014,119.224415705363,0,1,0,0
"V186",-267.643486298272,-485.052818369733,52.8074088351982,-27.4383201269311,33.0856635193374,0,1,0,0
"V187",-421.888463121041,-513.763840806337,-153.111579802002,-44.4702556440274,-35.6385993882445,0,1,0,0
"V188",-260.962848914411,-437.123081316665,41.3473703121909,-34.0111968762971,9.11200492228014,0,1,0,0
"V189",-314.489249478244,-510.022870590008,-57.1653435641514,-25.7834178845386,-35.1360894277464,0,1,0,0
"V190",-375.755207091056,-484.080307053626,-221.848052734709,-6.72548372467792,-192.552684286841,0,1,0,0
"V191",-349.212373251988,-480.874803366366,-145.024961079734,6.876628019964,-92.9561612654071,0,1,0,0
"V192",-329.89618541511,-524.313700795058,-209.160227501063,-1.38524816047231,-171.017965793822,0,1,0,0
"V193",-191.318492743697,-417.155930699772,274.792763788117,-119.264001277452,-19.537822709378,0,1,0,0
"V194",-246.208964698671,-415.213386081151,151.701269641321,8.06533091628546,156.818876335983,0,1,0,0
"V195",71.8000048026208,-357.466752907556,-63.260604734725,-74.6124518279528,66.9346783724432,0,1,0,0
"V196",69.0829647758452,-359.321383118732,-65.1150461764468,-76.0380396416167,65.3477884814123,0,1,0,0
"V197",-225.065543723075,-451.368245323718,125.010776563431,-8.2337731648858,144.914141373625,0,1,0,0
"V198",-295.79313516942,-464.348354794511,10.4039801613558,-35.5616345372612,103.479614532045,0,1,0,0
"V199",7.6127404886324,-390.561633665055,-71.5318817830886,-73.2723999697418,83.788861803979,0,1,0,0
"V200",-302.97015303032,-469.790062401065,-35.385667677171,-14.7931169409447,-42.5998451682568,0,1,0,0
"V201",-341.191925368186,-504.413879484757,-221.242646980715,-20.5634809067396,-147.560410626385,0,1,0,0
"V202",-232.388187692659,-422.134184455866,164.772399214931,-68.7002893792801,130.80813241092,0,1,0,0
"V203",-308.567794697327,-477.357396858385,-132.423717930521,-17.8716186913399,-93.0463369144475,0,1,0,0
"V204",-272.085461749553,-390.746556641358,141.892138099362,-36.064673049798,190.844267975594,0,1,0,0
"V205",-219.395993847353,-448.062996800151,20.6114033255744,-73.6934465879538,-8.01255389542158,0,1,0,0
"V206",-274.195009903166,-391.771116859751,80.9849411419061,-54.3815283996293,134.082061007227,0,1,0,0
"V207",-257.770904656676,-403.978250672969,147.460590787257,10.6267511936294,144.44892435614,0,1,0,0
"V208",-265.883146283756,-449.561302160081,114.462515423382,-37.8156252257512,226.584928581989,0,1,0,0
"V209",-193.217838655989,-410.876834683359,480.332560501057,-212.474570562196,-207.682515956601,0,1,0,0
"V210",-199.727911308746,-428.386257013742,420.880215982229,-189.066401025297,-151.434258242285,0,1,0,0
"V211",-193.770312517836,-405.768972334471,479.273851671517,-211.933218686632,-209.522289388085,0,1,0,0
"V212",-183.333585579244,-394.184328373684,448.902641053034,-206.069917280843,-155.115265603179,0,1,0,0
"V213",-203.306629609014,-391.759031661014,443.772071906576,-184.351300649509,-148.150163588901,0,1,0,0
"V214",-52.3220975453266,-406.625107079605,263.793057135608,-22.8578695384306,-45.4577411028863,0,1,0,0
"V215",-189.276604765164,-402.507087470573,458.512284924676,-212.204004498456,-203.89951575463,0,1,0,0
"V216",-193.219555940956,-410.831151677512,480.27475995459,-212.488349190544,-207.705364840373,0,1,0,0
"V217",-181.223731714967,-386.243279854864,387.325173774484,-176.13551233984,-136.274463466589,0,1,0,0
"V218",-172.765041653118,-377.782973462307,401.905075934266,-205.180225078066,-166.306104367943,0,1,0,0
"V219",-174.944079805068,-396.90917851278,433.218270193618,-211.477991464282,-158.609023307879,0,1,0,0
"V220",-97.7075714816502,-370.811647751259,199.131510172885,-165.945064674357,1.24206760317689,0,1,0,0
"V221",-187.431717274314,-391.887099513682,433.996858454923,-200.448378329394,-179.526478380317,0,1,0,0
"V222",-191.912388261358,-409.485159498798,470.508532194527,-215.206196040564,-193.203423237174,0,1,0,0
"V223",-197.480588031428,-411.664600607646,458.065838161559,-191.902126011597,-155.582174789812,0,1,0,0
"V224",-234.521696285043,-416.190064089648,360.439422873383,-142.147308437294,-71.2842633053383,0,1,0,0
"V225",-182.308322966183,-441.211481161105,280.019060561656,-2.42125756901038,218.589354706658,0,1,0,0
"V226",-181.404790089019,-466.921696817903,213.491769361368,-4.81504352750037,121.28316614318,0,1,0,0
"V227",-182.869944821446,-398.062455073106,438.831639332191,-164.383616142595,-150.19798315154,0,1,0,0
"V228",-196.559845899872,-393.3057081113,167.921334436311,-91.2855734782922,129.5949551141,0,1,0,0
"V229",-218.619216640215,-464.581494116459,258.147391383119,-40.6087339288076,57.8847809815989,0,1,0,0
"V230",-255.946703467451,-397.847972528253,157.328216118569,14.7816216613944,162.526677817138,0,1,0,0
"V231",281.869096942758,-158.242620278975,-128.256358287215,300.948670067355,-42.5573422388559,0,0,1,0
"V234",236.530258024326,-135.308648638985,-223.945140210918,344.625649333033,-189.943130484697,0,0,1,0
"V235",274.950482456479,-159.805360904952,-164.115701517093,294.597445187993,-40.0078224738161,0,0,1,0
"V236",306.438104625856,-113.170894645792,-165.080284334656,345.975177027433,-106.309065737444,0,0,1,0
"V237",444.90049653037,12.0615810099849,167.041789559879,283.768362766885,135.241556639876,0,0,1,0
"V238",281.523647557083,-158.409958623865,-128.173288666894,300.941359604579,-42.6131072029639,0,0,1,0
"V239",234.324730560675,-162.029537257976,-145.990898021526,333.635402795095,-37.0822732417302,0,0,1,0
"V240",263.542525883151,-155.273488606996,-38.2538531660482,318.492343615514,43.0998564399762,0,0,1,0
"V241",258.000618454046,-127.054340454911,-246.28359629383,328.080961934674,-245.160108060481,0,0,1,0
"V242",369.660909710711,-116.528766230722,20.2908923859347,219.633879084641,-10.7528993372571,0,0,1,0
"V243",254.845245597978,-117.220904932789,-168.393534456215,338.927346651231,-184.910678833268,0,0,1,0
"V244",368.089896542841,-73.433072417216,105.06662578041,319.991284761757,62.801070516488,0,0,1,0
"V245",242.830056723234,-168.353469767092,-144.972113982652,332.01780867157,-30.6891223361083,0,0,1,0
"V246",282.393173811211,-150.028481736225,-5.09339009729998,351.479574480958,93.6691875539106,0,0,1,0
"V247",253.922266598921,-96.4481191974196,-234.330587296181,341.452697965044,-238.537689121028,0,0,1,0
"V248",361.790409128514,-95.5897566961208,121.491036004831,275.325061012569,176.537454268764,0,0,1,0
"V249",253.784508692183,-131.892915022993,-76.6273497658461,282.352809823396,-3.45525939079616,0,0,1,0
"V250",318.192654028886,-71.6044747487212,85.1120872865941,327.496851219143,234.282718551863,0,0,1,0
"V251",369.636419237155,-42.014475005029,116.458656912909,268.249564312863,213.245259220798,0,0,1,0
"V252",330.942093662065,-39.8448140741967,75.7336558298457,270.860039260956,193.953885463628,0,0,1,0
"V253",367.901561810022,-41.0600498865319,107.309116959758,290.093932397243,177.554333079465,0,0,1,0
"V254",368.93402222992,-11.8394146809983,91.7700213397614,287.453747852327,245.228314364236,0,0,1,0
"V255",363.757449651426,-89.344578670393,114.81991596017,280.120114908551,177.24007929636,0,0,1,0
"V256",395.219711069209,-23.0027598435757,119.322747814996,298.879928422466,216.509603751803,0,0,1,0
"V257",443.264322523158,-27.9607266240802,311.379073877066,246.101677285164,-63.7302716346507,0,0,1,0
"V258",348.424531508203,-87.5923010721085,68.6019677952609,318.069494472299,165.995703062308,0,0,1,0
"V259",396.075937699143,-21.2097026658628,69.2404929604037,291.219811411983,142.521190389397,0,0,1,0
"V260",383.959029048927,-26.9677487244325,138.566332430785,354.32332062234,110.149457625246,0,0,1,0
"V261",339.75679840623,-142.115595911561,81.3821718968038,341.369998657719,140.388476987655,0,0,1,0
"V262",320.287796083716,-40.4087766766221,-114.25716229467,314.823327149065,-69.3227845446971,0,0,1,0
"V263",354.267271720225,-74.4000052648782,74.4019239235213,255.9366335481,43.0805433596347,0,0,1,0
"V264",396.865176758788,-13.3175912564408,102.38854250295,281.38573047585,62.8044980045582,0,0,1,0
"V265",515.148475460669,-29.4255882614006,-36.1445431311651,258.080898371224,-3.04472233162331,0,0,1,0
"V266",250.91568501007,-111.920302819076,-239.304854748297,337.823134538325,-193.552887044769,0,0,1,0
"V267",264.734309847597,-130.836119829532,-233.565170303717,334.043696635355,-221.034324229988,0,0,1,0
"V268",277.079279124139,-160.814489865667,-152.205026287771,322.635946838747,-143.436041919037,0,0,1,0
"V269",319.569135539626,-7.49549711205078,69.685438875498,307.410546391143,93.0700317736121,0,0,1,0
"V270",393.821539755308,-48.9923388956973,58.9401539482579,310.846695536183,-21.0440016711196,0,0,1,0
"V271",357.91507658844,-3.830315947362,120.159645680354,310.461232963722,34.3285380321901,0,0,1,0
"V272",435.982732996703,-75.9286842052627,261.602917744468,266.694345368192,-9.45963615683899,0,0,1,0
"V273",258.325521278212,-126.864230031213,-246.001090141128,327.981563764462,-244.951502768338,0,0,1,0
"V274",329.417310212022,-89.4202103102051,67.1190614258409,313.461143893312,-9.6453099678712,0,0,1,0
"V275",225.131158795345,-128.328681912457,-187.348624326453,325.602514161481,-90.4820725347467,0,0,1,0
"V276",263.822296136233,-134.312966526242,-171.939675564267,310.730985816037,-99.6908936894211,0,0,1,0
"V277",272.984542390257,-157.800896169515,-218.113966037458,319.088030975278,-120.745831225599,0,0,1,0
"V278",278.579547861742,-113.206175985013,-94.5908488842876,310.222681964536,-33.3246750695329,0,0,1,0
"V279",282.735863398355,-149.753487135202,-5.12743395325325,351.333432043397,93.4347896412957,0,0,1,0
"V280",287.101058802303,-147.711963150739,-42.0135366977792,328.01022454087,-115.125433641623,0,0,1,0
"V281",280.037417348808,-101.962649749407,-151.64294711312,323.826890947495,-145.906886217583,0,0,1,0
"V282",336.843939938749,-78.5810992816537,116.61638861794,323.737990020683,78.0483295895052,0,0,1,0
"V283",320.736722287746,-66.2865448424232,16.2381062434692,300.8371575213,15.9463855724136,0,0,1,0
"V284",431.719467414518,-23.4304596655935,-47.3740748274519,264.338027646943,-89.9017458841026,0,0,1,0
"V285",449.099813884986,-44.6901352257352,304.104585617236,239.205655578903,-78.0350496483286,0,0,1,0
"V286",343.438694712292,-112.044917880665,-43.5393165064556,294.686139540927,-57.0647105157868,0,0,1,0
"V287",386.277298639693,-70.5591975583324,116.815343750935,272.928844481072,164.579214934273,0,0,1,0
"V288",232.92982743811,-179.226577508954,-221.504045877369,321.967094835901,-137.149448603171,0,0,1,0
"V289",292.433752200961,-118.756449045117,-125.957440027788,320.87601101273,-139.768661820904,0,0,1,0
"V290",360.969888715706,-42.2071124867021,82.8663666580845,294.405260208074,161.587581104768,0,0,1,0
"V291",427.711220558637,-83.6937188614133,261.557654119071,328.609016482538,124.724503085885,0,0,1,0
"V292",355.465686286816,-99.3555531262089,-89.8231142537387,306.336883101615,-73.4880590570318,0,0,1,0
"V293",280.15618409536,-81.0716488085665,-122.784875257001,332.958291666961,-93.9322493868118,0,0,1,0
"V294",337.456175081479,-46.0492463871808,-57.8488914399388,317.873855941808,-77.9813463425536,0,0,1,0
"V295",342.539403742443,-95.0635149411655,-133.846626568523,311.19482068263,-130.267570248617,0,0,1,0
"V296",342.445049263811,-94.9776540884381,-133.692254802881,311.208537311959,-130.283519823222,0,0,1,0
"V297",328.189647657847,4.59823624626315,-16.2031133584381,317.26265675469,-34.4374154999015,0,0,1,0
"V298",380.337294493195,-3.77472870842479,-62.2151089936593,324.303018550083,-34.0573703583386,0,0,1,0
"V299",362.530310515108,-97.0001040962382,39.7125822675192,318.719735858884,-13.8133342412429,0,0,1,0
"V300",347.959301330746,-82.7622984976274,150.947454531714,320.093730300455,72.5467177962459,0,0,1,0
"V301",362.505774345901,-96.8586479327159,39.6630635639186,318.764995409974,-13.5920343896003,0,0,1,0
"V302",208.260797523892,-125.56967036956,-166.255925073372,301.733059893224,-82.3162972972014,0,0,1,0
"V303",369.186411729874,-48.9289108797125,28.2030250409285,312.192118660882,-37.5656929867013,0,0,1,0
"V304",315.660011166439,-121.828700153164,-70.3096888353936,320.419897652575,-81.8137873367068,0,0,1,0
"V305",254.394053553937,-95.8861366165749,-234.99239800606,339.477831812402,-239.23038219603,0,0,1,0
"V306",280.936887392985,-92.6806329292147,-158.169306351126,353.079943556709,-139.633859174378,0,0,1,0
"V307",300.253075229147,-136.119530358123,-222.304572772442,344.818067376588,-217.695663702955,0,0,1,0
"V308",438.830767900411,-28.961760262824,261.648418517034,226.939314260012,-66.215520618373,0,0,1,0
"V309",383.940295945802,-27.0192156440744,138.556924369899,354.268646453158,110.14117842712,0,0,1,0
"V310",701.949265447293,30.7274175296682,-76.404950006039,271.590863709431,20.2569804633775,0,0,1,0
"V311",699.232225420521,28.8727873184848,-78.2593914477692,270.1652758958,18.6700905723639,0,0,1,0
"V312",405.083716921342,-63.1740748862716,111.866431292104,337.969542371869,98.2364434646857,0,0,1,0
"V313",334.356125475144,-76.1541843576021,-2.74036510990355,310.641680999852,56.8019166231476,0,0,1,0
"V314",637.762001133421,-2.3674632279609,-84.6762270544077,272.930915567627,37.1111638948776,0,0,1,0
"V315",327.179107614108,-81.5958919642264,-48.5300129483883,331.410198596153,-89.2775430771756,0,0,1,0
"V316",288.957335276372,-116.219709047718,-234.386992252018,325.639834630518,-194.238108535334,0,0,1,0
"V317",397.761072951658,-33.9400140187909,151.628053943567,277.503026157938,84.13043450188,0,0,1,0
"V318",321.581465947077,-89.16322642148,-145.568063201928,328.331696845701,-139.724034823502,0,0,1,0
"V319",358.063798894942,-2.55238620429526,128.74779282796,310.138642487282,144.166570066784,0,0,1,0
"V320",410.753266797065,-59.8688263630719,7.46705805429057,272.509868949506,-54.6902518044294,0,0,1,0
"V321",355.95425074119,-3.57694642291336,67.8405958705944,291.821787137509,87.4043630981716,0,0,1,0
"V322",372.378355987582,-15.7840802359341,134.316245515874,356.830066730501,97.7712264472637,0,0,1,0
"V323",364.266114360577,-61.367131723027,101.318170152081,308.387690311565,179.907230673105,0,0,1,0
"V324",436.93142198796,-22.6826642460053,467.188215229187,133.728744975465,-254.360213865517,0,0,1,0
"V325",430.421349335334,-40.192086576498,407.735870710618,157.13691451244,-198.111956151342,0,0,1,0
"V326",436.378948126059,-17.5748018972929,466.129506399618,134.270096851011,-256.199987297013,0,0,1,0
"V327",446.815675064727,-5.99015793649713,435.758295781416,140.133398256644,-201.792963512187,0,0,1,0
"V328",426.842631034914,-3.56486122397964,430.627726634739,161.852014887986,-194.827861497909,0,0,1,0
"V329",577.827163099817,-18.4309366426368,250.648711864456,323.345445998469,-92.1354390119192,0,0,1,0
"V330",440.8726558788,-14.3129170332086,445.367939652817,133.999311039216,-250.577213663548,0,0,1,0
"V331",436.929704702993,-22.6369812401586,467.130414682719,133.714966347114,-254.383062749289,0,0,1,0
"V332",448.925528929025,1.95089058224432,374.180828503011,170.067803197698,-182.952161375748,0,0,1,0
"V333",457.384218990836,10.4111969747212,388.760730662747,141.023090459507,-212.983802276976,0,0,1,0
"V334",455.205180838869,-8.71500807563066,420.073924921776,134.725324073291,-205.28672121682,0,0,1,0
"V335",532.441689162536,17.3825226857369,185.987164901716,180.258250863117,-45.4356303057977,0,0,1,0
"V336",442.717543369582,-3.69292907643003,420.852513183302,145.75493720818,-226.204176289233,0,0,1,0
"V337",438.236872382553,-21.2909890613954,457.364186922641,130.997119497081,-239.881121146138,0,0,1,0
"V338",432.668672612542,-23.4704301701886,444.921492889754,154.301189525902,-202.259872698838,0,0,1,0
"V339",395.627564359172,-27.9958936522715,347.295077601879,204.056007100135,-117.961961214296,0,0,1,0
"V340",447.840937677879,-53.0173107238115,266.87471529033,343.782057967733,171.911656797781,0,0,1,0
"V341",448.744470555206,-78.7275263807706,200.347424089982,341.388272009242,74.6054682342387,0,0,1,0
"V342",447.279315822633,-9.86828463589197,425.687294060648,181.819699394886,-196.87568106065,0,0,1,0
"V343",433.589414744127,-5.11153767435173,154.776989165021,254.917742058991,82.9172572049706,0,0,1,0
"V344",411.53004400402,-76.3873236789066,245.003046111813,305.594581608376,11.2070830725893,0,0,1,0
"V345",374.202557176859,-9.65380209116627,144.183870847176,360.984937198216,115.848979908256,0,0,1,0
"V346",-345.301143457922,150.677577090024,-200.802134603441,21.5591374901628,5.12575536071933,0,0,0,1
"V349",-390.639982376252,173.611548730075,-296.490916527059,65.2361167562117,-142.260032885183,0,0,0,1
"V350",-352.219757944181,149.114836464058,-236.66147783325,15.2079126109996,7.67527512578957,0,0,0,1
"V351",-320.73213577463,195.749302723121,-237.62606065077,66.5856444507881,-58.6259681379032,0,0,0,1
"V352",-182.269743869781,320.981778379044,94.4960132437913,4.37883018961359,182.924654239467,0,0,0,1
"V353",-345.646592843598,150.510238745141,-200.719064983118,21.551827027387,5.0699903966124,0,0,0,1
"V354",-392.845509840138,146.890660111116,-218.536674337831,54.2458702181306,10.6008243578632,0,0,0,1
"V355",-363.627714517732,153.646708762067,-110.799629481916,39.1028110386708,90.7829540395216,0,0,0,1
"V356",-369.169621946695,181.865856914001,-318.829372609796,48.6914293576237,-197.477010460856,0,0,0,1
"V357",-257.509330689513,192.39143113824,-52.254883930065,-59.7556534927251,36.9301982623073,0,0,0,1
"V358",-372.324994802661,191.699292436238,-240.939310772428,59.5378140745283,-137.227581233693,0,0,0,1
"V359",-259.080343857402,235.487124951831,32.5208494643127,40.6017521848659,110.484168116093,0,0,0,1
"V360",-384.340183677636,140.566727601978,-217.517890298932,52.6282760946166,16.9939752634704,0,0,0,1
"V361",-344.7770665896,158.891715632772,-77.6391664131753,72.0900419043732,141.352285153386,0,0,0,1
"V362",-373.247973801804,212.472078171541,-306.876363612209,62.063165388254,-190.854591521324,0,0,0,1
"V363",-265.379831271611,213.330440672786,48.9452596888395,-4.06447156453432,224.22055186832,0,0,0,1
"V364",-373.385731708757,177.02728234597,-149.173126081826,2.96327724628257,44.2278382087931,0,0,0,1
"V365",-308.977586371812,237.315722620127,12.5663109705484,48.1073186422995,281.965816151476,0,0,0,1
"V366",-257.533821163301,266.905722363953,43.9128805968088,-11.1399682643911,260.928356820331,0,0,0,1
"V367",-296.228146738293,269.075383294699,3.18787951383004,-8.52949331616954,241.636983063049,0,0,0,1
"V368",-259.2686785902,267.860147482473,34.7633406436331,10.7043998202137,225.237430678997,0,0,0,1
"V369",-258.236218170515,297.080782688024,19.2242450236697,8.0642152751769,292.911411963809,0,0,0,1
"V370",-263.41279074883,219.575618698477,42.274139644167,0.73058233145323,224.923176895849,0,0,0,1
"V371",-231.95052933113,285.917437525471,46.7769714988981,19.4903958452488,264.192701351318,0,0,0,1
"V372",-183.905917876447,280.959470744958,238.833297561003,-33.2878552918194,-16.0471740351084,0,0,0,1
"V373",-278.745708892104,221.327896296754,-3.94380852083976,38.6799618953012,213.67880066165,0,0,0,1
"V374",-231.094302700973,287.710494703135,-3.3052833555851,11.8302788346999,190.204287988727,0,0,0,1
"V375",-243.211211351404,281.952448644633,66.0205561147151,74.9337880457127,157.832555224761,0,0,0,1
"V376",-287.413441994102,166.804601457276,8.83639558073494,61.9804660812754,188.071574587207,0,0,0,1
"V377",-306.882444316655,268.511420692244,-186.8029386108,35.4337945721008,-21.6396869451408,0,0,0,1
"V378",-272.902968679864,234.520192104138,1.85614760748152,-23.4528990289112,90.7636409590565,0,0,0,1
"V379",-230.305063641238,295.602606112464,29.8427661868524,1.9961978987066,110.487595604032,0,0,0,1
"V380",-112.02176493918,279.494609107361,-108.690319447114,-21.3086342059143,44.6383752679617,0,0,0,1
"V381",-376.254555390702,196.999894549898,-311.850631064288,58.43360196154,-145.869789445229,0,0,0,1
"V382",-362.435930553065,178.084077539479,-306.110946619667,54.6541640583497,-173.351226630282,0,0,0,1
"V383",-350.090961276613,148.105707503395,-224.750802603913,43.2464142616974,-95.7529443195852,0,0,0,1
"V384",-307.601104860925,301.424700257292,-2.86033744049588,28.0210138141999,140.753129373187,0,0,0,1
"V385",-233.348700644652,259.927858473167,-13.6056223677932,31.4571629592521,26.6390959284589,0,0,0,1
"V386",-269.255163811719,305.089881421543,47.6138693642229,31.0717003870394,82.011635631778,0,0,0,1
"V387",-191.18750740294,232.991513163773,189.057141428752,-12.6951872088768,38.2234614427385,0,0,0,1
"V388",-368.844719122528,182.055967337694,-318.546866457097,48.5920311874121,-197.268405168711,0,0,0,1
"V389",-297.752930188409,219.499987058654,-5.42671489009007,34.0716113165745,38.0377876317017,0,0,0,1
"V390",-402.039081605162,180.591515456617,-259.8944006428,46.2129815845057,-42.7989749351739,0,0,0,1
"V391",-363.347944264461,174.607230842814,-244.485451880655,31.3414532388039,-52.0077960897969,0,0,0,1
"V392",-354.185698010436,151.119301199543,-290.659742353835,39.6984983982716,-73.0627336260338,0,0,0,1
"V393",-348.590692539082,195.714021383839,-167.136625200228,30.8331493875332,14.3584225300557,0,0,0,1
"V394",-344.434377002449,159.166710233794,-77.6732102691294,71.943899466813,141.117887240764,0,0,0,1
"V395",-340.069181598301,161.208234218264,-114.559313013761,48.6206919641536,-67.4423360420936,0,0,0,1
"V396",-347.132823052014,206.957547619453,-224.188723429384,44.4373583705718,-98.2237886180818,0,0,0,1
"V397",-290.326300461533,230.339098087273,44.0706123017953,44.3484574441511,125.731427189004,0,0,0,1
"V398",-306.433518112664,242.633652526408,-56.3076700725751,21.4476249440757,63.6294831719422,0,0,0,1
"V399",-195.450772985744,285.489737703388,-119.919851143509,-15.0515049301954,-42.2186482844393,0,0,0,1
"V400",-178.07042651459,264.23006214323,231.558809301366,-40.1838769981709,-30.3519520488419,0,0,0,1
"V401",-283.7315456879,196.875279488272,-116.085092822349,15.2966069638341,-9.3816129162634,0,0,0,1
"V402",-240.892941760756,238.360999810575,44.2695674348266,-6.46068809608054,212.262312533634,0,0,0,1
"V403",-394.240412962605,129.69361986016,-294.049822193704,42.5775622588585,-89.4663510036836,0,0,0,1
"V404",-334.736488199563,190.163748323821,-198.503216343934,41.4864784357753,-92.0855642214046,0,0,0,1
"V405",-266.200351684412,266.713084882266,10.3205903420868,15.015727630813,209.270678704364,0,0,0,1
"V406",-199.459019841096,225.22647850761,189.011877803154,49.2194839058441,172.40760068537,0,0,0,1
"V407",-271.704554113192,209.564644242748,-162.368890569815,26.9473505244762,-25.8049614575002,0,0,0,1
"V408",-347.014056305442,227.848548560394,-195.330651573264,53.5687590900374,-46.2491517872371,0,0,0,1
"V409",-289.714065318906,262.870950981631,-130.394667755828,38.484323364904,-30.2982487429961,0,0,0,1
"V410",-284.630836657685,213.856682427858,-206.392402884878,31.8052881056047,-82.5844726491677,0,0,0,1
"V411",-284.725191136319,213.942543280586,-206.238031119235,31.8190047349363,-82.6004222237714,0,0,0,1
"V412",-298.980592742743,313.518433615149,-88.7488896743465,37.8731241777583,13.2456820996426,0,0,0,1
"V413",-246.832945906645,305.145468660349,-134.760885309875,44.9134859734061,13.6257272412741,0,0,0,1
"V414",-264.63992988479,211.920093272721,-32.8331940485651,39.330203282209,33.8697633583022,0,0,0,1
"V415",-279.210939069504,226.157898871321,78.4016782156509,40.704197724015,120.229815395789,0,0,0,1
"V416",-264.664466053998,212.061549436239,-32.8827127521656,39.3754628333007,34.0910632099457,0,0,0,1
"V417",-418.909442876594,183.350526999368,-238.801701389755,22.3435273161508,-34.6331996976551,0,0,0,1
"V418",-257.983828670212,259.991286489229,-44.3427512750788,32.8025860839857,10.1174046128762,0,0,0,1
"V419",-311.510229234016,187.091497215803,-142.855465151425,41.0303650756938,-34.1306897371771,0,0,0,1
"V420",-372.77618684672,213.034060752426,-307.538174322068,60.0882992356144,-191.547284596313,0,0,0,1
"V421",-346.233353007747,216.239564439755,-230.715082667387,73.6904109802155,-91.950761574818,0,0,0,1
"V422",-326.917165170836,172.800667010835,-294.850349088457,65.4285347997836,-170.012566103315,0,0,0,1
"V423",-188.339472499376,279.958437106232,189.102642200986,-52.4502183171427,-18.5324230189005,0,0,0,1
"V424",-243.22994445453,281.900981724991,66.0111480538285,74.87911387653,157.824276026635,0,0,0,1
"V425",74.7790250469673,339.64761489858,-148.950726321967,-7.79866886769514,67.9400780629345,0,0,0,1
"V426",72.0619850202025,337.792984687396,-150.805167763695,-9.22425668135833,66.3531881719108,0,0,0,1
"V427",-222.086523478651,245.746122482587,39.3206549760064,58.5800097953922,145.919541064226,0,0,0,1
"V428",-292.814114925332,232.766013011326,-75.2861414257698,31.252148422976,104.485014222693,0,0,0,1
"V429",10.5917607329948,306.55273414096,-157.222003370322,-6.45861700943795,84.7942614945092,0,0,0,1
"V430",-299.99113278621,227.324305404714,-121.075789264237,52.0206660192827,-41.5944454776362,0,0,0,1
"V431",-338.212905123786,192.70048832116,-306.932768567943,46.2503020534979,-146.555010935698,0,0,0,1
"V432",-229.409167448177,274.980183350089,79.0822776274787,-1.88650641905987,131.813532101499,0,0,0,1
"V433",-305.588774453054,219.756970947385,-218.113839518053,48.9421642689201,-92.0409372239224,0,0,0,1
"V434",-269.106441505275,306.367811164592,56.2020165119642,30.7491099104279,191.849667666375,0,0,0,1
"V435",-216.416973603031,249.051371005865,-65.0787182618018,-6.87966362763046,-7.00715420483276,0,0,0,1
"V436",-271.215989658929,305.34325094624,-4.70518044542065,12.4322545605663,135.087460697833,0,0,0,1
"V437",-254.791884412575,293.136117133125,61.7704691998361,77.4405341538231,145.454324046771,0,0,0,1
"V438",-262.904126039563,247.55306564592,28.7723938359976,28.9981577344391,227.590328272565,0,0,0,1
"V439",-190.238818411706,286.237533122994,394.642438913982,-145.660787601785,-206.67711626605,0,0,0,1
"V440",-196.748891064387,268.728110792591,335.190094395296,-122.252618064832,-150.428858551912,0,0,0,1
"V441",-190.791292273577,291.345395471752,393.583730084424,-145.119435726218,-208.516889697532,0,0,0,1
"V442",-180.354565334989,302.930039432494,363.212519465925,-139.256134320515,-154.109865912716,0,0,0,1
"V443",-200.32760936476,305.35533614503,358.081950319341,-117.537517689124,-147.144763898344,0,0,0,1
"V444",-49.3430773009303,290.489260726343,178.102935548406,43.955913421859,-44.4523414123375,0,0,0,1
"V445",-186.29758452085,294.607280335797,372.822163337668,-145.390221538061,-202.894116064082,0,0,0,1
"V446",-190.240535696672,286.283216128842,394.584638367521,-145.674566230135,-206.699965149823,0,0,0,1
"V447",-178.24471147066,310.871087951273,301.635052187542,-109.321729379507,-135.269063776164,0,0,0,1
"V448",-169.786021408855,319.331394343763,316.214954347154,-138.366442117675,-165.300704677545,0,0,0,1
"V449",-171.965059560785,300.205189293435,347.528148606478,-144.664208503906,-157.603623617334,0,0,0,1
"V450",-94.728551237319,326.302720054784,113.441388586009,-99.1312817142156,2.24746729371121,0,0,0,1
"V451",-184.452697030014,305.227268292685,348.306736867799,-133.63459536902,-178.521078689751,0,0,0,1
"V452",-188.933368017089,287.629208307611,384.818410607457,-148.392413080144,-192.198023546664,0,0,0,1
"V453",-194.501567787176,285.449767198757,372.375716574502,-125.088343051312,-154.576775099386,0,0,0,1
"V454",-231.542676040714,280.924303716698,274.749301286031,-75.3335254770549,-70.2788636147897,0,0,0,1
"V455",-179.32930272183,255.90288664517,194.328938974521,64.3925253911223,219.594754397282,0,0,0,1
"V456",-178.425769844755,230.192670988053,127.801647774305,61.9987394326592,122.28856583388,0,0,0,1
"V457",-179.890924577126,299.051912733124,353.141517745074,-97.5698331823222,-149.1925834611,0,0,0,1
"V458",-193.58082565562,303.808659694519,82.2312128490674,-24.4717905179691,130.600354804605,0,0,0,1
"V459",-215.640196395903,232.532873690033,172.457269795944,26.2050490314986,58.8901806721229,0,0,0,1
"V460",-252.967683223326,299.266395277865,71.6380945311527,81.5954046216018,163.532077507786,0,0,0,1
"V461",311.979893597664,-68.4281940337403,-320.095771057955,-239.396048783776,11.5845090425981,0,0,0,0
"V464",266.641054679577,-45.4942223937056,-415.78455298135,-195.719069517749,-135.801279203232,0,0,0,0
"V465",305.061279111323,-69.9909346597653,-355.955114287518,-245.747273662931,14.1340288076553,0,0,0,0
"V466",336.548901280942,-23.3564684007684,-356.919697105207,-194.369541823172,-52.1672144560009,0,0,0,0
"V467",475.011293185873,101.876007254987,-24.7976232108282,-256.576356084445,189.383407921258,0,0,0,0
"V468",311.634444211987,-68.5955323786233,-320.012701437633,-239.403359246551,11.5287440784896,0,0,0,0
"V469",264.435527215771,-72.2151110126634,-337.830310792197,-206.709316055857,17.0595780397264,0,0,0,0
"V470",293.653322538036,-65.4590623617199,-230.09326593674,-221.852375235284,97.2417077214978,0,0,0,0
"V471",288.111415109369,-37.2399142098142,-438.123009064348,-212.26375691628,-191.018256778932,0,0,0,0
"V472",399.771706365696,-26.7143399856427,-171.548520384787,-320.710839767135,43.3889519442144,0,0,0,0
"V473",284.956042253263,-27.4064786876172,-360.232947226585,-201.417372199449,-130.768827551766,0,0,0,0
"V474",398.200693198172,16.3813538278923,-86.7727869903867,-220.35343408917,116.942921798016,0,0,0,0
"V475",272.940853378278,-78.5390435217469,-336.811526753294,-208.326910179375,23.452728945363,0,0,0,0
"V476",312.503970466202,-60.2140554909572,-196.932802868092,-188.865144369622,147.811038835281,0,0,0,0
"V477",284.033063254151,-6.63369295239029,-426.170000066445,-198.892020885675,-184.395837839442,0,0,0,0
"V478",391.901205783692,-5.77533045087283,-70.3483767657476,-265.019657838466,230.679305550267,0,0,0,0
"V479",283.895305347193,-42.0784887778979,-268.466762536621,-257.99190902774,50.6865918907274,0,0,0,0
"V480",348.303450683777,18.2099514964243,-106.727325484036,-212.847867631598,288.424569833414,0,0,0,0
"V481",399.747215892295,47.7999512400453,-75.3807558578328,-272.095154538473,267.387110502278,0,0,0,0
"V482",361.052890317078,49.9696121708333,-116.105756940743,-269.484679590094,248.095736745022,0,0,0,0
"V483",398.012358465144,48.7543763585038,-84.5302958109948,-250.25078645389,231.696184360928,0,0,0,0
"V484",399.044818884918,77.9750115640314,-100.069391430927,-252.890970998793,299.370165645771,0,0,0,0
"V485",393.868246306604,0.469847574843461,-77.0194968104386,-260.224603942477,231.381930577792,0,0,0,0
"V486",425.330507724356,66.8116664014702,-72.5166649557537,-241.464790428681,270.651455033269,0,0,0,0
"V487",473.375119178482,61.8536996209378,119.539661106456,-294.243041566155,-9.58842035320149,0,0,0,0
"V488",378.53532816323,2.22212517302554,-123.237444975443,-222.275224378617,220.137554343654,0,0,0,0
"V489",426.186734354287,68.6047235791384,-122.598919810251,-249.124907439289,196.663041670747,0,0,0,0
"V490",414.06982570407,62.8466775206233,-53.2730803399385,-186.02139822835,164.291308906694,0,0,0,0
"V491",369.867595061262,-52.3011696663657,-110.457240873914,-198.974720192705,194.530328269111,0,0,0,0
"V492",350.398592738862,49.4056495684048,-306.096575065477,-225.521391701804,-15.1809332632633,0,0,0,0
"V493",384.37806837533,15.4144209803146,-117.437488847075,-284.408085302939,97.2223946410812,0,0,0,0
"V494",426.975973414087,76.4968349885609,-89.4508702677974,-258.958988375381,116.946349285974,0,0,0,0
"V495",545.259272116451,60.3888379835668,-227.983955901987,-282.263820479845,51.0971289498437,0,0,0,0
"V496",281.026481665231,-22.1058765739211,-431.144267518565,-202.521584312375,-139.41103576336,0,0,0,0
"V497",294.845106502766,-41.021693584359,-425.404583074108,-206.301022215549,-166.892472948304,0,0,0,0
"V498",307.190075779241,-71.0000636203666,-344.044439058377,-217.70877201213,-89.2941906376184,0,0,0,0
"V499",349.679932194587,82.3189291327927,-122.153973895035,-232.934172459814,147.21188305524,0,0,0,0
"V500",423.932336410583,40.8220873493392,-132.899258822303,-229.498023314742,33.0978496103537,0,0,0,0
"V501",388.025873243697,85.9841102973736,-71.6797670903585,-229.883485886991,88.4703893137034,0,0,0,0
"V502",466.093529651968,13.8857420399033,69.7635049740397,-273.650373482944,44.6822151246156,0,0,0,0
"V503",288.436317933538,-37.0498037861156,-437.840502911647,-212.363155086492,-190.809651486783,0,0,0,0
"V504",359.528106867286,0.394215934807972,-124.720351344672,-226.883574957503,44.4965413135686,0,0,0,0
"V505",255.241955450466,-38.5142556672313,-379.18803709709,-214.742204689437,-36.3402212533024,0,0,0,0
"V506",293.933092791216,-44.4985402809609,-363.77908833486,-229.613733035114,-45.5490424080109,0,0,0,0
"V507",303.095339045217,-67.9864699241946,-409.953378808189,-221.256687875687,-66.6039799441268,0,0,0,0
"V508",308.690344516675,-23.391749739937,-286.430261655026,-230.122036886419,20.8171762119712,0,0,0,0
"V509",312.846660053409,-59.9390608899329,-196.966846724046,-189.011286807187,147.576640922657,0,0,0,0
"V510",317.211855457497,-57.8975369055543,-233.852949468657,-212.334494309788,-60.9835823601668,0,0,0,0
"V511",310.148214003953,-12.1482235043686,-343.482359883806,-216.517827903508,-91.7650349361366,0,0,0,0
"V512",366.954736593888,11.2333269633524,-75.2230241527991,-216.606728829772,132.190180871,0,0,0,0
"V513",350.847518942966,23.5278814025994,-175.601306527319,-239.507561330012,70.0882368539219,0,0,0,0
"V514",461.830264069529,66.3839665794224,-239.21348759839,-276.006691204478,-35.7598946025615,0,0,0,0
"V515",479.210610540432,45.1242910192379,112.265172846794,-301.139063272277,-23.893198366925,0,0,0,0
"V516",373.54949136745,-22.2304916355832,-235.378729277123,-245.658579310207,-2.92285923435899,0,0,0,0
"V517",416.388095294717,19.2552286866845,-75.024069019733,-267.415874370008,218.721066215657,0,0,0,0
"V518",263.040624093218,-89.4121512636976,-413.343458648047,-218.377624015068,-83.0075973216894,0,0,0,0
"V519",322.544548856155,-28.942022799891,-317.796852798539,-219.468707838091,-85.6268105394221,0,0,0,0
"V520",391.080685370804,47.6073137583282,-108.973046112538,-245.939458643227,215.729432386259,0,0,0,0
"V521",457.822017213892,6.1207073837335,69.7182413484598,-211.735702368085,178.86635436735,0,0,0,0
"V522",385.576482942192,-9.54112688117305,-281.66252702453,-234.007835749511,-19.346207775595,0,0,0,0
"V523",310.26698075046,8.74277743644691,-314.624288027701,-207.386427183924,-39.7903981053483,0,0,0,0
"V524",367.566971736629,43.7651798578134,-249.68830421065,-222.470862909058,-23.839495061101,0,0,0,0
"V525",372.650200397857,-5.24908869616983,-325.68603933948,-229.149898168431,-76.1257189671759,0,0,0,0
"V526",372.555845919225,-5.16322784344191,-325.531667573835,-229.136181539098,-76.1416685417805,0,0,0,0
"V527",358.300444313002,94.4126624912151,-208.042526129141,-223.082062096197,19.7044357815471,0,0,0,0
"V528",410.448091148696,86.0396975365186,-254.054521764574,-216.041700300611,20.0844809231904,0,0,0,0
"V529",392.641107170566,-7.18567785119626,-152.126830503324,-221.624982991671,40.3285170401653,0,0,0,0
"V530",378.070097986004,7.05212774761038,-40.8919582390642,-220.250988550047,126.688569077806,0,0,0,0
"V531",392.616571001359,-7.04422168767445,-152.176349206926,-221.579723440579,40.5498168918093,0,0,0,0
"V532",238.371594178972,-35.7552441244126,-358.095337843891,-238.611658957831,-28.1744460157906,0,0,0,0
"V533",399.297208385365,40.8855153652689,-163.636387729921,-228.152600189931,16.576158294768,0,0,0,0
"V534",345.770807821588,-32.0142739079101,-262.149101606333,-219.92482119837,-27.6719360552785,0,0,0,0
"V535",284.504850209232,-6.07171037155042,-426.831810776347,-200.866887038319,-185.088530914428,0,0,0,0
"V536",311.047684047999,-2.86620668415703,-350.008719121691,-187.264775293686,-85.4920078929916,0,0,0,0
"V537",330.363871884488,-46.3051041129501,-414.143985542739,-195.526651474249,-163.553812421457,0,0,0,0
"V538",468.94156455572,60.8526659822045,69.8090057464254,-313.405404591489,-12.0736693369943,0,0,0,0
"V539",414.051092600946,62.7952106009817,-53.2824884008245,-186.076072397532,164.283029708567,0,0,0,0
"V540",732.060062102313,120.541843774616,-268.244362776972,-268.753855141749,74.3988317448824,0,0,0,0
"V541",729.34302207562,118.687213563434,-270.098804218652,-270.179442955396,72.8119418538685,0,0,0,0
"V542",435.194513576437,26.6403513587271,-79.9729814785846,-202.375176478533,152.378294746163,0,0,0,0
"V543",364.466922130058,13.6602418875073,-194.57977788075,-229.703037850948,110.943767904628,0,0,0,0
"V544",667.872797788775,87.4469630169836,-276.515639825262,-267.413803283374,91.2530151763579,0,0,0,0
"V545",357.289904269347,8.21853428080862,-240.369425719088,-208.934520254656,-35.1356917957841,0,0,0,0
"V546",319.068131931447,-26.4052828027312,-426.226405022238,-214.704884220537,-140.096257253917,0,0,0,0
"V547",427.871869606926,55.8744122261705,-40.2113588270994,-262.841692693197,138.272285783427,0,0,0,0
"V548",351.692262602503,0.651199823586318,-337.407475972625,-212.013022005076,-85.5821835420316,0,0,0,0
"V549",388.174595550226,87.262040040694,-63.0916199426944,-230.206076363519,198.308421348224,0,0,0,0
"V550",440.864063452512,29.9455998819023,-184.372354716535,-267.834849901825,-0.548400522953391,0,0,0,0
"V551",386.065047396467,86.2374798220744,-123.998816900125,-248.522931713526,141.546214379777,0,0,0,0
"V552",402.48915264287,74.0303460090721,-57.5231672548515,-183.514652120207,151.913077728764,0,0,0,0
"V553",394.376911015652,28.4472945220033,-90.5212426186042,-231.957028539525,234.049081954557,0,0,0,0
"V554",467.042218643308,67.1317619989485,275.348802459058,-406.615973876528,-200.218362584034,0,0,0,0
"V555",460.532145990554,49.6223396685069,215.896457940338,-383.207804339599,-143.970104869936,0,0,0,0
"V556",466.489744781481,72.239624347676,274.290093629479,-406.074622000984,-202.058136015523,0,0,0,0
"V557",476.926471720026,83.8242683083859,243.918883011081,-400.211320595282,-147.651112230773,0,0,0,0
"V558",456.953427690292,86.2495650209652,238.788313864492,-378.49270396386,-140.686010216445,0,0,0,0
"V559",607.937959755109,71.383489602293,58.809299093868,-216.999272852272,-37.9935877304685,0,0,0,0
"V560",470.983452534157,75.5015092117322,253.52852688276,-406.345407812754,-196.435362382072,0,0,0,0
"V561",467.040501358341,67.1774450047969,275.291001912591,-406.629752504879,-200.241211467806,0,0,0,0
"V562",479.036325584312,91.7653168271923,182.341415732671,-370.276915654096,-128.810310094305,0,0,0,0
"V563",487.495015646242,100.225623219605,196.921317892037,-399.321628392399,-158.841950995633,0,0,0,0
"V564",485.315977494141,81.0994181693389,228.234512151614,-405.619394778527,-151.144869935302,0,0,0,0
"V565",562.552485818414,107.196948930719,-5.85224786883801,-360.086467988607,8.70622097563816,0,0,0,0
"V566",472.828340024964,86.1214971685431,229.013100412936,-394.589781643663,-172.062325007833,0,0,0,0
"V567",468.34766903791,68.5234371835488,265.524774152521,-409.347599354932,-185.739269864652,0,0,0,0
"V568",462.779469267883,66.3439960747372,253.082080119625,-386.043529326006,-148.118021417445,0,0,0,0
"V569",425.738361014576,61.8185325927028,155.455664831398,-336.288711751513,-63.8201099328286,0,0,0,0
"V570",477.951734333102,36.7971155212383,75.0353025198526,-196.562660882827,226.053508079278,0,0,0,0
"V571",478.855267210512,11.0868998642423,8.50801131952998,-198.956446841141,128.747319515775,0,0,0,0
"V572",477.390112477938,79.9461416090635,233.847881290215,-358.525019456992,-142.733829779183,0,0,0,0
"V573",463.700211399205,84.7028885706737,-37.0624236056123,-285.426976792355,137.059108486576,0,0,0,0
"V574",441.6408406594,13.4271025661491,53.1636333412278,-234.750137242489,65.3489343540159,0,0,0,0
"V575",404.313353832054,80.1606241538265,-47.6555419235466,-179.359781652425,169.990831189715,0,0,0,0
